{
  "seeds": [
    7,
    11,
    19,
    23,
    29
  ],
  "matches_per_seed": 30,
  "max_turns": 12,
  "target_lore": 8,
  "ismcts_iterations": 64,
  "strategies": [
    {
      "strategy": "heuristic",
      "matches": 150,
      "p1_winrate": 1,
      "p2_winrate": 0,
      "draw_rate": 0,
      "p1_win_indicator_variance": 0,
      "average_turns_played": 11,
      "average_history_entries": 87,
      "action_distribution": {
        "develop_ink": 0.2682926829268293,
        "play_character": 0.21951219512195122,
        "quest": 0.0975609756097561,
        "sing_song": 0.04878048780487805,
        "challenge": 0.12195121951219512,
        "end_turn": 0.24390243902439024
      }
    },
    {
      "strategy": "ismcts",
      "matches": 150,
      "p1_winrate": 0.9933333333333333,
      "p2_winrate": 0,
      "draw_rate": 0.006666666666666667,
      "p1_win_indicator_variance": 0.006622222222222222,
      "average_turns_played": 9.026666666666667,
      "average_history_entries": 68.5,
      "action_distribution": {
        "develop_ink": 0.2773445732349842,
        "play_character": 0.2016859852476291,
        "quest": 0.1928345626975764,
        "sing_song": 0.06322444678609063,
        "challenge": 0.011169652265542677,
        "end_turn": 0.25374077976817705
      }
    }
  ]
}