{
  "seeds": [
    7,
    11,
    19
  ],
  "matches_per_seed": 15,
  "mirror_start_player": true,
  "max_turns": 12,
  "target_lore": 8,
  "ismcts_iterations": 64,
  "rollout_policy": "random",
  "strategies": [
    {
      "strategy": "heuristic",
      "matches": 90,
      "p1_winrate": 0.5,
      "p2_winrate": 0.5,
      "first_player_winrate": 1,
      "second_player_winrate": 0,
      "draw_rate": 0,
      "p1_win_indicator_variance": 0.25,
      "average_turns_played": 11,
      "average_history_entries": 87,
      "action_distribution": {
        "develop_ink": 0.2682926829268293,
        "play_character": 0.21951219512195122,
        "quest": 0.0975609756097561,
        "sing_song": 0.04878048780487805,
        "challenge": 0.12195121951219512,
        "end_turn": 0.24390243902439024
      }
    },
    {
      "strategy": "ismcts",
      "matches": 90,
      "p1_winrate": 0.43333333333333335,
      "p2_winrate": 0.5111111111111111,
      "first_player_winrate": 0.8111111111111111,
      "second_player_winrate": 0.13333333333333333,
      "draw_rate": 0.05555555555555555,
      "p1_win_indicator_variance": 0.24555555555555555,
      "average_turns_played": 10.244444444444444,
      "average_history_entries": 75.6,
      "action_distribution": {
        "develop_ink": 0.23589574397888485,
        "play_character": 0.20752226987792807,
        "quest": 0.186077202243484,
        "sing_song": 0.058726492906631476,
        "challenge": 0.0372814252721874,
        "end_turn": 0.2744968657208842
      }
    }
  ]
}