{
  "seeds": [
    7,
    11,
    19
  ],
  "matches_per_seed": 15,
  "max_turns": 12,
  "target_lore": 8,
  "ismcts_iterations": 64,
  "strategies": [
    {
      "strategy": "heuristic",
      "matches": 45,
      "p1_winrate": 1,
      "p2_winrate": 0,
      "draw_rate": 0,
      "p1_win_indicator_variance": 0,
      "average_turns_played": 11,
      "average_history_entries": 87,
      "action_distribution": {
        "develop_ink": 0.2682926829268293,
        "play_character": 0.21951219512195122,
        "quest": 0.0975609756097561,
        "sing_song": 0.04878048780487805,
        "challenge": 0.12195121951219512,
        "end_turn": 0.24390243902439024
      }
    },
    {
      "strategy": "ismcts",
      "matches": 45,
      "p1_winrate": 0.9555555555555556,
      "p2_winrate": 0.022222222222222223,
      "draw_rate": 0.022222222222222223,
      "p1_win_indicator_variance": 0.04246913580246914,
      "average_turns_played": 9.6,
      "average_history_entries": 75.37777777777778,
      "action_distribution": {
        "develop_ink": 0.2664556962025316,
        "play_character": 0.20949367088607596,
        "quest": 0.2,
        "sing_song": 0.056962025316455694,
        "challenge": 0.022151898734177215,
        "end_turn": 0.2449367088607595
      }
    }
  ]
}