{
  "seeds": [
    7,
    11,
    19
  ],
  "matches_per_seed": 15,
  "max_turns": 12,
  "target_lore": 8,
  "ismcts_iterations": 64,
  "strategies": [
    {
      "strategy": "heuristic",
      "matches": 45,
      "p1_winrate": 1,
      "p2_winrate": 0,
      "draw_rate": 0,
      "p1_win_indicator_variance": 0,
      "average_turns_played": 11,
      "average_history_entries": 87,
      "action_distribution": {
        "develop_ink": 0.2682926829268293,
        "play_character": 0.21951219512195122,
        "quest": 0.0975609756097561,
        "sing_song": 0.04878048780487805,
        "challenge": 0.12195121951219512,
        "end_turn": 0.24390243902439024
      }
    },
    {
      "strategy": "ismcts",
      "matches": 45,
      "p1_winrate": 0.9555555555555556,
      "p2_winrate": 0.022222222222222223,
      "draw_rate": 0.022222222222222223,
      "p1_win_indicator_variance": 0.04246913580246914,
      "average_turns_played": 9.733333333333333,
      "average_history_entries": 75.31111111111112,
      "action_distribution": {
        "develop_ink": 0.2480719794344473,
        "play_character": 0.21722365038560412,
        "quest": 0.18380462724935734,
        "sing_song": 0.05784061696658098,
        "challenge": 0.04048843187660668,
        "end_turn": 0.2525706940874036
      }
    }
  ]
}